2026-04-08_13-23-24,---,main.go:2026-04-08_13-23-24;pen.go:2026-04-08_13-23-24
2026-04-08_13-27-58,---,main.go:2026-04-08_13-23-24;pen.go:2026-04-08_13-23-24
2026-04-08_13-58-01,0,main.go:2026-04-08_13-58-01;pen.go:2026-04-08_13-23-24
2026-04-08_14-04-53,0,main.go:2026-04-08_14-04-53;pen.go:2026-04-08_13-23-24
2026-04-08_14-06-04,0,main.go:2026-04-08_14-06-04;pen.go:2026-04-08_13-23-24
2026-04-08_14-06-08,0,main.go:2026-04-08_14-06-04;pen.go:2026-04-08_13-23-24
2026-04-08_14-06-09,0,main.go:2026-04-08_14-06-04;pen.go:2026-04-08_13-23-24
2026-04-08_14-06-10,0,main.go:2026-04-08_14-06-04;pen.go:2026-04-08_13-23-24
2026-04-08_14-06-33,0,main.go:2026-04-08_14-06-33;pen.go:2026-04-08_13-23-24
2026-04-08_14-07-12,0,main.go:2026-04-08_14-07-12;pen.go:2026-04-08_13-23-24
2026-04-08_14-07-53,0,main.go:2026-04-08_14-07-53;pen.go:2026-04-08_13-23-24
2026-04-08_14-08-13,0,main.go:2026-04-08_14-08-13;pen.go:2026-04-08_13-23-24
2026-04-08_14-10-09,0,main.go:2026-04-08_14-10-09;pen.go:2026-04-08_13-23-24
2026-04-08_14-11-02,0,main.go:2026-04-08_14-11-02;pen.go:2026-04-08_13-23-24
2026-04-08_14-11-34,0,main.go:2026-04-08_14-11-34;pen.go:2026-04-08_13-23-24
2026-04-08_14-13-07,0,main.go:2026-04-08_14-13-07;pen.go:2026-04-08_13-23-24
2026-04-08_14-14-43,0,main.go:2026-04-08_14-14-43;pen.go:2026-04-08_13-23-24
2026-04-08_14-14-59,0,main.go:2026-04-08_14-14-59;pen.go:2026-04-08_13-23-24
2026-04-08_14-15-10,0,main.go:2026-04-08_14-15-10;pen.go:2026-04-08_13-23-24
2026-04-08_14-15-57,0,main.go:2026-04-08_14-15-57;pen.go:2026-04-08_13-23-24
2026-04-08_14-16-47,0,main.go:2026-04-08_14-16-47;pen.go:2026-04-08_13-23-24
2026-04-08_14-16-59,0,main.go:2026-04-08_14-16-59;pen.go:2026-04-08_13-23-24
2026-04-08_14-19-01,0,main.go:2026-04-08_14-19-01;pen.go:2026-04-08_13-23-24
2026-04-08_14-19-02,0,main.go:2026-04-08_14-19-01;pen.go:2026-04-08_13-23-24
2026-04-08_14-19-03,0,main.go:2026-04-08_14-19-01;pen.go:2026-04-08_13-23-24
2026-04-08_14-20-36,0,main.go:2026-04-08_14-20-36;pen.go:2026-04-08_13-23-24
2026-04-08_14-20-38,0,main.go:2026-04-08_14-20-36;pen.go:2026-04-08_13-23-24
2026-04-08_14-20-38,0,main.go:2026-04-08_14-20-36;pen.go:2026-04-08_13-23-24
2026-04-08_14-20-39,0,main.go:2026-04-08_14-20-36;pen.go:2026-04-08_13-23-24
2026-04-08_14-20-39,0,main.go:2026-04-08_14-20-36;pen.go:2026-04-08_13-23-24
2026-04-08_14-20-39,0,main.go:2026-04-08_14-20-36;pen.go:2026-04-08_13-23-24
2026-04-08_14-20-39,0,main.go:2026-04-08_14-20-36;pen.go:2026-04-08_13-23-24
2026-04-08_14-20-49,0,main.go:2026-04-08_14-20-49;pen.go:2026-04-08_13-23-24
2026-04-08_14-24-02,0,main.go:2026-04-08_14-24-02;pen.go:2026-04-08_13-23-24
2026-04-08_14-24-38,0,main.go:2026-04-08_14-24-38;pen.go:2026-04-08_13-23-24
2026-04-08_14-24-53,0,main.go:2026-04-08_14-24-53;pen.go:2026-04-08_13-23-24
2026-04-08_14-25-25,0,main.go:2026-04-08_14-25-25;pen.go:2026-04-08_13-23-24
2026-04-08_14-25-42,0,main.go:2026-04-08_14-25-42;pen.go:2026-04-08_13-23-24
2026-04-08_14-26-54,0,main.go:2026-04-08_14-26-54;pen.go:2026-04-08_13-23-24
2026-04-08_14-27-42,0,main.go:2026-04-08_14-27-42;pen.go:2026-04-08_13-23-24
2026-04-08_14-28-02,0,main.go:2026-04-08_14-28-02;pen.go:2026-04-08_13-23-24
2026-04-08_14-28-14,0,main.go:2026-04-08_14-28-14;pen.go:2026-04-08_13-23-24
2026-04-08_14-35-25,0,main.go:2026-04-08_14-35-25;pen.go:2026-04-08_13-23-24
2026-04-08_14-36-55,0,main.go:2026-04-08_14-36-55;pen.go:2026-04-08_13-23-24
2026-04-08_14-37-13,0,main.go:2026-04-08_14-37-13;pen.go:2026-04-08_13-23-24
2026-04-08_14-44-54,0,main.go:2026-04-08_14-44-54;pen.go:2026-04-08_13-23-24
2026-04-08_14-44-55,0,main.go:2026-04-08_14-44-54;pen.go:2026-04-08_13-23-24
2026-04-08_14-44-55,0,main.go:2026-04-08_14-44-54;pen.go:2026-04-08_13-23-24
